EVENT_ID,CZ_NAME_STR,BEGIN_LOCATION,BEGIN_DATE,BEGIN_TIME,EVENT_TYPE,MAGNITUDE,TOR_F_SCALE,DEATHS_DIRECT,INJURIES_DIRECT,DAMAGE_PROPERTY_NUM,DAMAGE_CROPS_NUM,STATE_ABBR,CZ_TIMEZONE,MAGNITUDE_TYPE,EPISODE_ID,CZ_TYPE,CZ_FIPS,WFO,INJURIES_INDIRECT,DEATHS_INDIRECT,SOURCE,FLOOD_CAUSE,TOR_LENGTH,TOR_WIDTH,BEGIN_RANGE,BEGIN_AZIMUTH,END_RANGE,END_AZIMUTH,END_LOCATION,END_DATE,END_TIME,BEGIN_LAT,BEGIN_LON,END_LAT,END_LON,EVENT_NARRATIVE,EPISODE_NARRATIVE,ABSOLUTE_ROWNUMBER
36754,NORTHERN SAN JOAQUIN VALLEY (ZONE), ,05/08/2007,0,Excessive Heat, , ,0,0,0,0,CA,PST-8, ,6278,Z,19,STO,0,0,ASOS, , , , , , , , ,05/08/2007,2359, , , , ,"The daily high temperature record of 98 degrees was tied at Modesto Airport. The previous record was set in 2001.","High pressure over the region brought unseasonably warm temperatures to the northern San Joaquin Valley.",1
53471,NORTHERN SACRAMENTO VALLEY (ZONE), ,07/04/2007,0,Excessive Heat, , ,1,1,0,0,CA,PST-8, ,8435,Z,15,STO,0,0,Newspaper, , , , , , , , ,07/04/2007,2359, , , , ,"A Shasta County woman died of heat stroke on July 4th in her home in Round Mountain, according to the forensic pathologist at the Shasta County coroner's office.  The high temperature at Redding Airport was 113 degrees, which fell one degree short of the record of 114 degrees for the date, which was set in 1991.","High pressure over the western United States brought record heat to Northern California on July 4 and 5th.",2
52840,SAN BERNARDINO COUNTY MOUNTAINS (ZONE), ,07/04/2007,900,Excessive Heat, , ,0,0,0,0,CA,PST-8, ,9401,Z,55,SGX,0,0,COOP Observer, , , , , , , , ,07/06/2007,1400, , , , ,"","Strong high pressure aloft, large scale subsidence, and very warm 850 mb temperatures caused a significant heat wave in the mountains and in the Coachella Valley between the 4th and 6th of July. High temperatures were generally around 115 degrees in the lower deserts, 105 degrees in the mountains between 3-5k ft, 100 degrees between 5-6k ft, and 95 degrees between 6-7k ft. Big Bear Lake, at an elevation of 6760 ft, tied their all-time record high with a temperature of 94 degrees. At an elevation of 4240 ft, Julian came within 2 degrees of their all-time record high with a temperature of 107 degrees. Other notable high temperatures in the mountains include 103 degrees at Cuyamaca, 100 degrees at Idyllwild, 97 degrees at Palomar, 95 degrees at Lake Arrowhead, and 94 degrees at Mount Laguna. In the Coachella Valley, Ocotillo Wells reached 119 degrees, Palm Springs and Indio reached 116 degrees, and Anza Borrego Park reached 115 degrees.||Due to an extremely strong marine layer inversion in excess of 15 degrees celcius at times, most valley and coastal cities west of the mountains were unaffetced by the heat wave. As a result, there was not a lot of media coverage regarding the impacts of this heat wave. Given that this heat wave occurred during the week of the July 4th holiday, it is likely that there were a number of people who fell ill to the heat, however this number is unknown.",3
52838,RIVERSIDE COUNTY MOUNTAINS (ZONE), ,07/04/2007,900,Excessive Heat, , ,0,0,0,0,CA,PST-8, ,9401,Z,56,SGX,0,0,COOP Observer, , , , , , , , ,07/06/2007,1400, , , , ,"","Strong high pressure aloft, large scale subsidence, and very warm 850 mb temperatures caused a significant heat wave in the mountains and in the Coachella Valley between the 4th and 6th of July. High temperatures were generally around 115 degrees in the lower deserts, 105 degrees in the mountains between 3-5k ft, 100 degrees between 5-6k ft, and 95 degrees between 6-7k ft. Big Bear Lake, at an elevation of 6760 ft, tied their all-time record high with a temperature of 94 degrees. At an elevation of 4240 ft, Julian came within 2 degrees of their all-time record high with a temperature of 107 degrees. Other notable high temperatures in the mountains include 103 degrees at Cuyamaca, 100 degrees at Idyllwild, 97 degrees at Palomar, 95 degrees at Lake Arrowhead, and 94 degrees at Mount Laguna. In the Coachella Valley, Ocotillo Wells reached 119 degrees, Palm Springs and Indio reached 116 degrees, and Anza Borrego Park reached 115 degrees.||Due to an extremely strong marine layer inversion in excess of 15 degrees celcius at times, most valley and coastal cities west of the mountains were unaffetced by the heat wave. As a result, there was not a lot of media coverage regarding the impacts of this heat wave. Given that this heat wave occurred during the week of the July 4th holiday, it is likely that there were a number of people who fell ill to the heat, however this number is unknown.",4
52837,SAN DIEGO COUNTY MOUNTAINS (ZONE), ,07/04/2007,900,Excessive Heat, , ,0,0,0,0,CA,PST-8, ,9401,Z,58,SGX,0,0,COOP Observer, , , , , , , , ,07/06/2007,1400, , , , ,"","Strong high pressure aloft, large scale subsidence, and very warm 850 mb temperatures caused a significant heat wave in the mountains and in the Coachella Valley between the 4th and 6th of July. High temperatures were generally around 115 degrees in the lower deserts, 105 degrees in the mountains between 3-5k ft, 100 degrees between 5-6k ft, and 95 degrees between 6-7k ft. Big Bear Lake, at an elevation of 6760 ft, tied their all-time record high with a temperature of 94 degrees. At an elevation of 4240 ft, Julian came within 2 degrees of their all-time record high with a temperature of 107 degrees. Other notable high temperatures in the mountains include 103 degrees at Cuyamaca, 100 degrees at Idyllwild, 97 degrees at Palomar, 95 degrees at Lake Arrowhead, and 94 degrees at Mount Laguna. In the Coachella Valley, Ocotillo Wells reached 119 degrees, Palm Springs and Indio reached 116 degrees, and Anza Borrego Park reached 115 degrees.||Due to an extremely strong marine layer inversion in excess of 15 degrees celcius at times, most valley and coastal cities west of the mountains were unaffetced by the heat wave. As a result, there was not a lot of media coverage regarding the impacts of this heat wave. Given that this heat wave occurred during the week of the July 4th holiday, it is likely that there were a number of people who fell ill to the heat, however this number is unknown.",5
52842,SAN DIEGO COUNTY DESERTS (ZONE), ,07/04/2007,900,Excessive Heat, , ,0,0,0,0,CA,PST-8, ,9401,Z,62,SGX,0,0,COOP Observer, , , , , , , , ,07/05/2007,2300, , , , ,"","Strong high pressure aloft, large scale subsidence, and very warm 850 mb temperatures caused a significant heat wave in the mountains and in the Coachella Valley between the 4th and 6th of July. High temperatures were generally around 115 degrees in the lower deserts, 105 degrees in the mountains between 3-5k ft, 100 degrees between 5-6k ft, and 95 degrees between 6-7k ft. Big Bear Lake, at an elevation of 6760 ft, tied their all-time record high with a temperature of 94 degrees. At an elevation of 4240 ft, Julian came within 2 degrees of their all-time record high with a temperature of 107 degrees. Other notable high temperatures in the mountains include 103 degrees at Cuyamaca, 100 degrees at Idyllwild, 97 degrees at Palomar, 95 degrees at Lake Arrowhead, and 94 degrees at Mount Laguna. In the Coachella Valley, Ocotillo Wells reached 119 degrees, Palm Springs and Indio reached 116 degrees, and Anza Borrego Park reached 115 degrees.||Due to an extremely strong marine layer inversion in excess of 15 degrees celcius at times, most valley and coastal cities west of the mountains were unaffetced by the heat wave. As a result, there was not a lot of media coverage regarding the impacts of this heat wave. Given that this heat wave occurred during the week of the July 4th holiday, it is likely that there were a number of people who fell ill to the heat, however this number is unknown.",6
52841,COACHELLA VALLEY (ZONE), ,07/04/2007,900,Excessive Heat, , ,0,0,0,0,CA,PST-8, ,9401,Z,61,SGX,0,0,COOP Observer, , , , , , , , ,07/05/2007,2300, , , , ,"","Strong high pressure aloft, large scale subsidence, and very warm 850 mb temperatures caused a significant heat wave in the mountains and in the Coachella Valley between the 4th and 6th of July. High temperatures were generally around 115 degrees in the lower deserts, 105 degrees in the mountains between 3-5k ft, 100 degrees between 5-6k ft, and 95 degrees between 6-7k ft. Big Bear Lake, at an elevation of 6760 ft, tied their all-time record high with a temperature of 94 degrees. At an elevation of 4240 ft, Julian came within 2 degrees of their all-time record high with a temperature of 107 degrees. Other notable high temperatures in the mountains include 103 degrees at Cuyamaca, 100 degrees at Idyllwild, 97 degrees at Palomar, 95 degrees at Lake Arrowhead, and 94 degrees at Mount Laguna. In the Coachella Valley, Ocotillo Wells reached 119 degrees, Palm Springs and Indio reached 116 degrees, and Anza Borrego Park reached 115 degrees.||Due to an extremely strong marine layer inversion in excess of 15 degrees celcius at times, most valley and coastal cities west of the mountains were unaffetced by the heat wave. As a result, there was not a lot of media coverage regarding the impacts of this heat wave. Given that this heat wave occurred during the week of the July 4th holiday, it is likely that there were a number of people who fell ill to the heat, however this number is unknown.",7
51114,NORTHERN SAN JOAQUIN VALLEY (ZONE), ,07/05/2007,0,Excessive Heat, , ,0,0,0,0,CA,PST-8, ,8435,Z,19,STO,0,0,ASOS, , , , , , , , ,07/05/2007,2359, , , , ,"New daily high temperature records were set today at the Stockton Airport and Modesto Airport sites.  ||- At Stockton Airport...the temperature reached 109 degrees, which broke the old record of 106 degrees set in 1968.||- At Modesto Airport...the temperature reached 110 degrees, which broke the old record of 107 degrees set in 1940.","High pressure over the western United States brought record heat to Northern California on July 4 and 5th.",8
51113,SOUTHERN SACRAMENTO VALLEY (ZONE), ,07/05/2007,0,Excessive Heat, , ,0,0,0,0,CA,PST-8, ,8435,Z,17,STO,0,0,ASOS, , , , , , , , ,07/05/2007,2359, , , , ,"New daily high temperature records were set today at the Downtown Sacramento and the Sacramento Executive Airport sites.  ||- At Downtown Sacramento...the temperature reached 108 degrees, which broke the old record of 107 degrees set in 1931.||- At Sacramento Executive Airport...the temperature reached 107 degrees, which broke the old record of 105 degrees set in 1968.","High pressure over the western United States brought record heat to Northern California on July 4 and 5th.",9
51119,NORTHERN SACRAMENTO VALLEY (ZONE), ,07/05/2007,0,Excessive Heat, , ,0,0,0,0,CA,PST-8, ,8435,Z,15,STO,0,0,ASOS, , , , , , , , ,07/05/2007,2359, , , , ,"Temperatures were very hot across the northern Sacramento Valley today and came close to reaching the daily high temperature records at the Redding Airport and Red Bluff Airport observation sites.  ||- At Redding Airport...the temperature reached 112 degrees, just shy of the old city record of 113 degrees set in 1984.||- At Red Bluff Airport...the temperature reached 111 degrees, just shy of the old record of 112 degrees set in 1984.","High pressure over the western United States brought record heat to Northern California on July 4 and 5th.",10
52569,LOS ANGELES COUNTY VALLEYS (ZONE), ,08/30/2007,0,Excessive Heat, , ,0,0,0,0,CA,PST-8, ,9362,Z,47,LOX,0,0,Official NWS Observations, , , , , , , , ,08/31/2007,2359, , , , ,"The combination of above normal temperatures and relative humidity produced excessive heat across the San Fernando and San Gabriel Valleys with heat index values between 105 and 112 reported.","From the 29th through the 31st, strong high pressure built over the southwest United States. With this pattern, above normal temperatures developed across the mountains and valleys of Southern California. An influx of monsoonal moisture from northern Mexico increased the relative humidity across the area. The combination of very hot temperatures and increased relative humidity produce heat index values between 105 and 112 degrees. The excessive heat resulted in numerous heat-related injuries and deaths. The heat wave extended into the first few days of September.",11
52574,LOS ANGELES COUNTY MOUNTAINS EXCLUDING THE SANTA MONICA RANGE (ZONE), ,08/30/2007,0,Excessive Heat, , ,0,0,0,0,CA,PST-8, ,9362,Z,54,LOX,0,0,Official NWS Observations, , , , , , , , ,08/31/2007,2359, , , , ,"The combination of above normal temperatures and relative humidity produced excessive heat across the mountains of Los Angeles county with heat index values between 105 and 112 reported.","From the 29th through the 31st, strong high pressure built over the southwest United States. With this pattern, above normal temperatures developed across the mountains and valleys of Southern California. An influx of monsoonal moisture from northern Mexico increased the relative humidity across the area. The combination of very hot temperatures and increased relative humidity produce heat index values between 105 and 112 degrees. The excessive heat resulted in numerous heat-related injuries and deaths. The heat wave extended into the first few days of September.",12
52572,SANTA MONICA MOUNTAINS RECREATION AREA (ZONE), ,08/30/2007,0,Excessive Heat, , ,0,0,0,0,CA,PST-8, ,9362,Z,46,LOX,0,0,Official NWS Observations, , , , , , , , ,08/31/2007,2359, , , , ,"The combination of above normal temperatures and relative humidity produced excessive heat across the Santa Monica Mountains with heat index values between 105 and 112 reported.","From the 29th through the 31st, strong high pressure built over the southwest United States. With this pattern, above normal temperatures developed across the mountains and valleys of Southern California. An influx of monsoonal moisture from northern Mexico increased the relative humidity across the area. The combination of very hot temperatures and increased relative humidity produce heat index values between 105 and 112 degrees. The excessive heat resulted in numerous heat-related injuries and deaths. The heat wave extended into the first few days of September.",13
52570,SANTA CLARITA VALLEY (ZONE), ,08/30/2007,0,Excessive Heat, , ,0,0,0,0,CA,PST-8, ,9362,Z,88,LOX,0,0,Official NWS Observations, , , , , , , , ,08/31/2007,2359, , , , ,"The combination of above normal temperatures and relative humidity produced excessive heat across the Santa Clarita Valley with heat index values between 105 and 112 reported.","From the 29th through the 31st, strong high pressure built over the southwest United States. With this pattern, above normal temperatures developed across the mountains and valleys of Southern California. An influx of monsoonal moisture from northern Mexico increased the relative humidity across the area. The combination of very hot temperatures and increased relative humidity produce heat index values between 105 and 112 degrees. The excessive heat resulted in numerous heat-related injuries and deaths. The heat wave extended into the first few days of September.",14
59190,SE S.J. VALLEY (ZONE), ,08/30/2007,1700,Excessive Heat, , ,0,0,0,0,CA,PST-8, ,10623,Z,92,HNX,0,0,ASOS, , , , , , , , ,08/31/2007,700, , , , ,"","Strong high pressure caused excessively hot temperatures to develop over the southern San Joaquin Valley during the end of August, 2007.  Energy officials urged valley residents to conserve energy during this time period, between the 30th and 31st.  The temperature at Meadows Field in Bakersfield hit 104 degrees on the 30th and 106 degrees on the 31st.  The nighttime heat index on the night of the 30th remained at or above 82 degrees.  These temperatures met critical criteria for heat advisory conditions in the San Joaquin Valley.",15
52576,VENTURA COUNTY MOUNTAINS (ZONE), ,08/31/2007,800,Excessive Heat, , ,0,0,0,0,CA,PST-8, ,9362,Z,53,LOX,0,0,Official NWS Observations, , , , , , , , ,08/31/2007,2359, , , , ,"The combination of above normal temperatures and relative humidity produced excessive heat across the mountains of Ventura county. Heat index values between 105 and 112 degrees were reported.","From the 29th through the 31st, strong high pressure built over the southwest United States. With this pattern, above normal temperatures developed across the mountains and valleys of Southern California. An influx of monsoonal moisture from northern Mexico increased the relative humidity across the area. The combination of very hot temperatures and increased relative humidity produce heat index values between 105 and 112 degrees. The excessive heat resulted in numerous heat-related injuries and deaths. The heat wave extended into the first few days of September.",16
52579,VENTURA COUNTY COASTAL VALLEYS (ZONE), ,08/31/2007,800,Excessive Heat, , ,0,0,0,0,CA,PST-8, ,9362,Z,45,LOX,0,0,Official NWS Observations, , , , , , , , ,08/31/2007,2359, , , , ,"The combination of above normal temperatures and relative humidity produced excessive heat across the coastal valleys of Ventura county. Heat index values between 105 and 112 degrees were reported.","From the 29th through the 31st, strong high pressure built over the southwest United States. With this pattern, above normal temperatures developed across the mountains and valleys of Southern California. An influx of monsoonal moisture from northern Mexico increased the relative humidity across the area. The combination of very hot temperatures and increased relative humidity produce heat index values between 105 and 112 degrees. The excessive heat resulted in numerous heat-related injuries and deaths. The heat wave extended into the first few days of September.",17
52578,VENTURA COUNTY INTERIOR VALLEYS (ZONE), ,08/31/2007,800,Excessive Heat, , ,0,0,0,0,CA,PST-8, ,9362,Z,44,LOX,0,0,Official NWS Observations, , , , , , , , ,08/31/2007,2359, , , , ,"The combination of above normal temperatures and relative humidity produced excessive heat across the interior valleys of Ventura county. Heat index values between 105 and 112 degrees were reported.","From the 29th through the 31st, strong high pressure built over the southwest United States. With this pattern, above normal temperatures developed across the mountains and valleys of Southern California. An influx of monsoonal moisture from northern Mexico increased the relative humidity across the area. The combination of very hot temperatures and increased relative humidity produce heat index values between 105 and 112 degrees. The excessive heat resulted in numerous heat-related injuries and deaths. The heat wave extended into the first few days of September.",18
60737,COACHELLA VALLEY (ZONE), ,09/01/2007,0,Excessive Heat, , ,0,0,0,0,CA,PST-8, ,11030,Z,61,SGX,0,0,COOP Observer, , , , , , , , ,09/01/2007,2359, , , , ,"","Strong high pressure and easterly flow brought hot, humid weather to much of Southern California. Temperatures exceeded 95 along the coast and in the mountains, 105 in the Orange and San Diego County valleys, 110 in the Inland Empire and high deserts, and 115 in the lower deserts. Humidity levels were quite high for the region, especially in the lower deserts where periodic gulf surges would raise the dewpoint into the 70s. At least 6 people died of heat related causes within the CWA, however the actual number of deaths is probably higher than indicated.",19
60733,SAN BERNARDINO AND RIVERSIDE COUNTY VALLEYS - THE INLAND EMPIRE (ZONE), ,09/01/2007,0,Excessive Heat, , ,4,2,0,0,CA,PST-8, ,11030,Z,48,SGX,0,0,COOP Observer, , , , , , , , ,09/03/2007,2359, , , , ,"","Strong high pressure and easterly flow brought hot, humid weather to much of Southern California. Temperatures exceeded 95 along the coast and in the mountains, 105 in the Orange and San Diego County valleys, 110 in the Inland Empire and high deserts, and 115 in the lower deserts. Humidity levels were quite high for the region, especially in the lower deserts where periodic gulf surges would raise the dewpoint into the 70s. At least 6 people died of heat related causes within the CWA, however the actual number of deaths is probably higher than indicated.",20
52589,LOS ANGELES COUNTY VALLEYS (ZONE), ,09/01/2007,0,Excessive Heat, , ,10,0,0,0,CA,PST-8, ,9364,Z,47,LOX,0,0,Official NWS Observations, , , , , , , , ,09/03/2007,2000, , , , ,"The combination of above normal temperatures and relative humidity produced excessive heat conditions across the lower valleys of Los Angeles county. Heat index values between 105 and 112 were reported.","The heat wave which started at the end of August continued into the first few days of September. The combination of above normal temperatures and relative humidity continued to produce excessive heat conditions across sections of Southern California. At the end of the heat wave, 18 heat-related deaths were reported across Los Angeles county.",21
52587,SANTA MONICA MOUNTAINS RECREATION AREA (ZONE), ,09/01/2007,0,Excessive Heat, , ,0,0,0,0,CA,PST-8, ,9364,Z,46,LOX,0,0,Official NWS Observations, , , , , , , , ,09/03/2007,2000, , , , ,"The combination of above normal temperatures and relative humidity produced excessive heat conditions across the Santa Monica Mountains. Heat index values between 105 and 112 were reported.","The heat wave which started at the end of August continued into the first few days of September. The combination of above normal temperatures and relative humidity continued to produce excessive heat conditions across sections of Southern California. At the end of the heat wave, 18 heat-related deaths were reported across Los Angeles county.",22
52585,VENTURA COUNTY COASTAL VALLEYS (ZONE), ,09/01/2007,0,Excessive Heat, , ,0,0,0,0,CA,PST-8, ,9364,Z,45,LOX,0,0,Official NWS Observations, , , , , , , , ,09/03/2007,2000, , , , ,"The combination of above normal temperatures and relative humidity produced excessive heat conditions across the coastal valleys of Ventura county. Heat index values between 105 and 112 were reported.","The heat wave which started at the end of August continued into the first few days of September. The combination of above normal temperatures and relative humidity continued to produce excessive heat conditions across sections of Southern California. At the end of the heat wave, 18 heat-related deaths were reported across Los Angeles county.",23
52584,VENTURA COUNTY INTERIOR VALLEYS (ZONE), ,09/01/2007,0,Excessive Heat, , ,0,0,0,0,CA,PST-8, ,9364,Z,44,LOX,0,0,Official NWS Observations, , , , , , , , ,09/03/2007,2000, , , , ,"The combination of above normal temperatures and relative humidity produced excessive heat conditions across the interior valleys of Ventura county. Heat index values between 105 and 112 were reported.","The heat wave which started at the end of August continued into the first few days of September. The combination of above normal temperatures and relative humidity continued to produce excessive heat conditions across sections of Southern California. At the end of the heat wave, 18 heat-related deaths were reported across Los Angeles county.",24
52593,LOS ANGELES COUNTY MOUNTAINS EXCLUDING THE SANTA MONICA RANGE (ZONE), ,09/01/2007,0,Excessive Heat, , ,0,0,0,0,CA,PST-8, ,9364,Z,54,LOX,0,0,Official NWS Observations, , , , , , , , ,09/03/2007,2000, , , , ,"The combination of above normal temperatures and relative humidity produced excessive heat conditions across the mountains of Los Angeles county.  Heat index values between 105 and 112 were reported.","The heat wave which started at the end of August continued into the first few days of September. The combination of above normal temperatures and relative humidity continued to produce excessive heat conditions across sections of Southern California. At the end of the heat wave, 18 heat-related deaths were reported across Los Angeles county.",25
52592,VENTURA COUNTY MOUNTAINS (ZONE), ,09/01/2007,0,Excessive Heat, , ,0,0,0,0,CA,PST-8, ,9364,Z,53,LOX,0,0,Official NWS Observations, , , , , , , , ,09/03/2007,2000, , , , ,"The combination of above normal temperatures and relative humidity produced excessive heat conditions across the mountains of Ventura county.  Heat index values between 105 and 112 were reported.","The heat wave which started at the end of August continued into the first few days of September. The combination of above normal temperatures and relative humidity continued to produce excessive heat conditions across sections of Southern California. At the end of the heat wave, 18 heat-related deaths were reported across Los Angeles county.",26
52591,SANTA CLARITA VALLEY (ZONE), ,09/01/2007,0,Excessive Heat, , ,0,0,0,0,CA,PST-8, ,9364,Z,88,LOX,0,0,Official NWS Observations, , , , , , , , ,09/03/2007,2000, , , , ,"The combination of above normal temperatures and relative humidity produced excessive heat conditions across the Santa Clarita Valley. Heat index values between 105 and 112 were reported.","The heat wave which started at the end of August continued into the first few days of September. The combination of above normal temperatures and relative humidity continued to produce excessive heat conditions across sections of Southern California. At the end of the heat wave, 18 heat-related deaths were reported across Los Angeles county.",27
60738,SAN DIEGO COUNTY DESERTS (ZONE), ,09/01/2007,0,Excessive Heat, , ,0,0,0,0,CA,PST-8, ,11030,Z,62,SGX,0,0,COOP Observer, , , , , , , , ,09/01/2007,2359, , , , ,"","Strong high pressure and easterly flow brought hot, humid weather to much of Southern California. Temperatures exceeded 95 along the coast and in the mountains, 105 in the Orange and San Diego County valleys, 110 in the Inland Empire and high deserts, and 115 in the lower deserts. Humidity levels were quite high for the region, especially in the lower deserts where periodic gulf surges would raise the dewpoint into the 70s. At least 6 people died of heat related causes within the CWA, however the actual number of deaths is probably higher than indicated.",28
60732,SANTA ANA MOUNTAINS AND FOOTHILLS (ZONE), ,09/02/2007,0,Excessive Heat, , ,0,0,0,0,CA,PST-8, ,11030,Z,57,SGX,0,0,COOP Observer, , , , , , , , ,09/03/2007,2359, , , , ,"","Strong high pressure and easterly flow brought hot, humid weather to much of Southern California. Temperatures exceeded 95 along the coast and in the mountains, 105 in the Orange and San Diego County valleys, 110 in the Inland Empire and high deserts, and 115 in the lower deserts. Humidity levels were quite high for the region, especially in the lower deserts where periodic gulf surges would raise the dewpoint into the 70s. At least 6 people died of heat related causes within the CWA, however the actual number of deaths is probably higher than indicated.",29
55840,MORONGO BASIN (ZONE), ,09/02/2007,1200,Excessive Heat, , ,1,0,0,0,CA,PST-8, ,10032,Z,525,VEF,0,0,Newspaper, , , , , , , , ,09/02/2007,1200, , , , ,"","Hot desert temperatures claimed a life.",30
60734,SAN DIEGO COUNTY VALLEYS (ZONE), ,09/03/2007,0,Excessive Heat, , ,0,2,0,0,CA,PST-8, ,11030,Z,50,SGX,0,0,COOP Observer, , , , , , , , ,09/03/2007,2359, , , , ,"","Strong high pressure and easterly flow brought hot, humid weather to much of Southern California. Temperatures exceeded 95 along the coast and in the mountains, 105 in the Orange and San Diego County valleys, 110 in the Inland Empire and high deserts, and 115 in the lower deserts. Humidity levels were quite high for the region, especially in the lower deserts where periodic gulf surges would raise the dewpoint into the 70s. At least 6 people died of heat related causes within the CWA, however the actual number of deaths is probably higher than indicated.",31
52594,SAN LUIS OBISPO COUNTY MOUNTAINS (ZONE), ,09/03/2007,800,Excessive Heat, , ,0,0,0,0,CA,PST-8, ,9364,Z,51,LOX,0,0,Official NWS Observations, , , , , , , , ,09/03/2007,2000, , , , ,"The combination of above normal temperatures and relative humidity produced excessive heat conditions across the mountains of San Luis Obispo county.  Heat index values between 105 and 112 were reported.","The heat wave which started at the end of August continued into the first few days of September. The combination of above normal temperatures and relative humidity continued to produce excessive heat conditions across sections of Southern California. At the end of the heat wave, 18 heat-related deaths were reported across Los Angeles county.",32
52595,SANTA BARBARA COUNTY MOUNTAINS (ZONE), ,09/03/2007,800,Excessive Heat, , ,0,0,0,0,CA,PST-8, ,9364,Z,52,LOX,0,0,Official NWS Observations, , , , , , , , ,09/03/2007,2000, , , , ,"The combination of above normal temperatures and relative humidity produced excessive heat conditions across the mountains of Santa Barbara county. Heat index values between 105 and 112 were reported.","The heat wave which started at the end of August continued into the first few days of September. The combination of above normal temperatures and relative humidity continued to produce excessive heat conditions across sections of Southern California. At the end of the heat wave, 18 heat-related deaths were reported across Los Angeles county.",33
52597,LOS ANGELES COUNTY COASTS INCLUDING DOWNTOWN LOS ANGELES (ZONE), ,09/03/2007,800,Excessive Heat, , ,8,0,0,0,CA,PST-8, ,9364,Z,41,LOX,0,0,Official NWS Observations, , , , , , , , ,09/03/2007,2000, , , , ,"The combination of above normal temperatures and relative humidity produced excessive heat across the coastal plain of Los Angeles county. Heat index values between 105 and 112 degrees were reported.","The heat wave which started at the end of August continued into the first few days of September. The combination of above normal temperatures and relative humidity continued to produce excessive heat conditions across sections of Southern California. At the end of the heat wave, 18 heat-related deaths were reported across Los Angeles county.",34
52582,SAN LUIS OBISPO COUNTY INTERIOR VALLEYS (ZONE), ,09/03/2007,800,Excessive Heat, , ,0,0,0,0,CA,PST-8, ,9364,Z,37,LOX,0,0,Official NWS Observations, , , , , , , , ,09/03/2007,2000, , , , ,"The combination of above normal temperatures and relative humidity produced excessive heat conditions across the valleys of San Luis Obispo county. Heat index values between 105 and 112 were reported.","The heat wave which started at the end of August continued into the first few days of September. The combination of above normal temperatures and relative humidity continued to produce excessive heat conditions across sections of Southern California. At the end of the heat wave, 18 heat-related deaths were reported across Los Angeles county.",35
52583,CUYAMA VALLEY (ZONE), ,09/03/2007,800,Excessive Heat, , ,0,0,0,0,CA,PST-8, ,9364,Z,38,LOX,0,0,Official NWS Observations, , , , , , , , ,09/03/2007,2000, , , , ,"The combination of above normal temperatures and relative humidity produced excessive heat conditions across the Cuyama Valley. Heat index values between 105 and 112 were reported.","The heat wave which started at the end of August continued into the first few days of September. The combination of above normal temperatures and relative humidity continued to produce excessive heat conditions across sections of Southern California. At the end of the heat wave, 18 heat-related deaths were reported across Los Angeles county.",36
104630,LOS ANGELES COUNTY VALLEYS (ZONE), ,06/20/2008,1300,Excessive Heat, , ,0,0,0,0,CA,PST-8, ,18006,Z,47,LOX,0,0,ASOS, , , , , , , , ,06/20/2008,1900, , , , ,"The ASOS at Van Nuys Airport reported a high temperature of 109 degrees with a heat index of 105 degrees.","The combination of strong high pressure centered over Arizona and weak offshore flow generated extreme heat conditions across Central and Southern California. Across many sections of the area, afternoon temperatures climbed to between 100 and 114 degrees which set numerous high temperature records. The extreme heat resulted in several power outages due to excessive electrical use.",37
104617,SANTA YNEZ VALLEY (ZONE), ,06/20/2008,1300,Excessive Heat, , ,0,0,0,0,CA,PST-8, ,18006,Z,36,LOX,0,0,Mesonet, , , , , , , , ,06/20/2008,1900, , , , ,"The RAWS sensor at Los Prietos reported a high temperature of 114 degrees with a heat index of 109 degrees.","The combination of strong high pressure centered over Arizona and weak offshore flow generated extreme heat conditions across Central and Southern California. Across many sections of the area, afternoon temperatures climbed to between 100 and 114 degrees which set numerous high temperature records. The extreme heat resulted in several power outages due to excessive electrical use.",38
104636,LOS ANGELES COUNTY MOUNTAINS EXCLUDING THE SANTA MONICA RANGE (ZONE), ,06/20/2008,1400,Excessive Heat, , ,0,0,0,0,CA,PST-8, ,18006,Z,54,LOX,0,0,Mesonet, , , , , , , , ,06/20/2008,1900, , , , ,"The RAWS sensor at Acton reported a heat index of greater than 100 degrees.","The combination of strong high pressure centered over Arizona and weak offshore flow generated extreme heat conditions across Central and Southern California. Across many sections of the area, afternoon temperatures climbed to between 100 and 114 degrees which set numerous high temperature records. The extreme heat resulted in several power outages due to excessive electrical use.",39
104618,SAN LUIS OBISPO COUNTY INTERIOR VALLEYS (ZONE), ,06/20/2008,1400,Excessive Heat, , ,0,0,0,0,CA,PST-8, ,18006,Z,37,LOX,0,0,ASOS, , , , , , , , ,06/20/2008,1900, , , , ,"The automated sensor at Paso Robles reported a high temperature of 107 with a heat index of 105 degrees.","The combination of strong high pressure centered over Arizona and weak offshore flow generated extreme heat conditions across Central and Southern California. Across many sections of the area, afternoon temperatures climbed to between 100 and 114 degrees which set numerous high temperature records. The extreme heat resulted in several power outages due to excessive electrical use.",40
104625,VENTURA COUNTY COASTAL VALLEYS (ZONE), ,06/20/2008,1400,Excessive Heat, , ,0,0,0,0,CA,PST-8, ,18006,Z,45,LOX,0,0,Mesonet, , , , , , , , ,06/20/2008,1900, , , , ,"An automated sensor at Newbury Park reported a high temperature of 108 degrees with a heat index of 106 degrees.","The combination of strong high pressure centered over Arizona and weak offshore flow generated extreme heat conditions across Central and Southern California. Across many sections of the area, afternoon temperatures climbed to between 100 and 114 degrees which set numerous high temperature records. The extreme heat resulted in several power outages due to excessive electrical use.",41
104640,SANTA BARBARA COUNTY MOUNTAINS (ZONE), ,06/20/2008,1400,Excessive Heat, , ,0,0,0,0,CA,PST-8, ,18006,Z,52,LOX,0,0,Mesonet, , , , , , , , ,06/20/2008,1900, , , , ,"The RAWS sensor at Montecito reported a high temperature of 102 degrees with a heat index of greater than 100 degrees.","The combination of strong high pressure centered over Arizona and weak offshore flow generated extreme heat conditions across Central and Southern California. Across many sections of the area, afternoon temperatures climbed to between 100 and 114 degrees which set numerous high temperature records. The extreme heat resulted in several power outages due to excessive electrical use.",42
104638,SAN LUIS OBISPO COUNTY MOUNTAINS (ZONE), ,06/20/2008,1400,Excessive Heat, , ,0,0,0,0,CA,PST-8, ,18006,Z,51,LOX,0,0,Mesonet, , , , , , , , ,06/20/2008,1900, , , , ,"The RAWS sensor at Creston reported a high temperature of 105 degrees with a heat index of greater than 100 degrees.","The combination of strong high pressure centered over Arizona and weak offshore flow generated extreme heat conditions across Central and Southern California. Across many sections of the area, afternoon temperatures climbed to between 100 and 114 degrees which set numerous high temperature records. The extreme heat resulted in several power outages due to excessive electrical use.",43
104632,VENTURA COUNTY MOUNTAINS (ZONE), ,06/20/2008,1400,Excessive Heat, , ,0,0,0,0,CA,PST-8, ,18006,Z,53,LOX,0,0,Mesonet, , , , , , , , ,06/20/2008,1900, , , , ,"The RAWS sensor at Temescal reported a high temperature of 111 degrees with a heat index of 100 degrees.","The combination of strong high pressure centered over Arizona and weak offshore flow generated extreme heat conditions across Central and Southern California. Across many sections of the area, afternoon temperatures climbed to between 100 and 114 degrees which set numerous high temperature records. The extreme heat resulted in several power outages due to excessive electrical use.",44
104650,LOS ANGELES COUNTY VALLEYS (ZONE), ,06/21/2008,1200,Excessive Heat, , ,0,0,0,0,CA,PST-8, ,18006,Z,47,LOX,0,0,Mesonet, , , , , , , , ,06/21/2008,1900, , , , ,"An automated sensor at Northridge reported a high temperature of 109 degrees with a heat index greater than 105 degrees.","The combination of strong high pressure centered over Arizona and weak offshore flow generated extreme heat conditions across Central and Southern California. Across many sections of the area, afternoon temperatures climbed to between 100 and 114 degrees which set numerous high temperature records. The extreme heat resulted in several power outages due to excessive electrical use.",45
104648,VENTURA COUNTY INTERIOR VALLEYS (ZONE), ,06/21/2008,1200,Excessive Heat, , ,0,0,0,0,CA,PST-8, ,18006,Z,44,LOX,0,0,Mesonet, , , , , , , , ,06/21/2008,1900, , , , ,"The RAWS sensor at Temescal reported a high temperature of 110 degrees with a heat index greater than 105 degrees.","The combination of strong high pressure centered over Arizona and weak offshore flow generated extreme heat conditions across Central and Southern California. Across many sections of the area, afternoon temperatures climbed to between 100 and 114 degrees which set numerous high temperature records. The extreme heat resulted in several power outages due to excessive electrical use.",46
104645,SANTA YNEZ VALLEY (ZONE), ,06/21/2008,1200,Excessive Heat, , ,0,0,0,0,CA,PST-8, ,18006,Z,36,LOX,0,0,Mesonet, , , , , , , , ,06/21/2008,1900, , , , ,"The RAWS sensor at Los Prietos reported a high temperature of 111 degrees with a heat index of greater than 105 degrees.","The combination of strong high pressure centered over Arizona and weak offshore flow generated extreme heat conditions across Central and Southern California. Across many sections of the area, afternoon temperatures climbed to between 100 and 114 degrees which set numerous high temperature records. The extreme heat resulted in several power outages due to excessive electrical use.",47
104651,SANTA CLARITA VALLEY (ZONE), ,06/21/2008,1200,Excessive Heat, , ,0,0,0,0,CA,PST-8, ,18006,Z,88,LOX,0,0,Mesonet, , , , , , , , ,06/21/2008,1900, , , , ,"The RAWS sensor at Newhall Pass reported a high temperature of 108 degrees with a heat index greater than 105 degrees.","The combination of strong high pressure centered over Arizona and weak offshore flow generated extreme heat conditions across Central and Southern California. Across many sections of the area, afternoon temperatures climbed to between 100 and 114 degrees which set numerous high temperature records. The extreme heat resulted in several power outages due to excessive electrical use.",48
104657,LOS ANGELES COUNTY MOUNTAINS EXCLUDING THE SANTA MONICA RANGE (ZONE), ,06/21/2008,1200,Excessive Heat, , ,0,0,0,0,CA,PST-8, ,18006,Z,54,LOX,0,0,Mesonet, , , , , , , , ,06/21/2008,1900, , , , ,"A RAWS sensor in the Angeles National Forest reported a high temperature of 107 degrees with a heat index greater than 100 degrees.","The combination of strong high pressure centered over Arizona and weak offshore flow generated extreme heat conditions across Central and Southern California. Across many sections of the area, afternoon temperatures climbed to between 100 and 114 degrees which set numerous high temperature records. The extreme heat resulted in several power outages due to excessive electrical use.",49
104659,SANTA BARBARA COUNTY MOUNTAINS (ZONE), ,06/21/2008,1600,Excessive Heat, , ,0,0,0,0,CA,PST-8, ,18006,Z,52,LOX,0,0,Mesonet, , , , , , , , ,06/21/2008,1900, , , , ,"The RAWS sensor at Montecito reported a high temperature of 103 degrees with a heat index greater than 100 degrees.","The combination of strong high pressure centered over Arizona and weak offshore flow generated extreme heat conditions across Central and Southern California. Across many sections of the area, afternoon temperatures climbed to between 100 and 114 degrees which set numerous high temperature records. The extreme heat resulted in several power outages due to excessive electrical use.",50
129869,S SIERRA FOOTHILLS (ZONE), ,07/09/2008,0,Excessive Heat, , ,0,0,0,0,CA,PST-8, ,22002,Z,93,HNX,0,0,Mesonet, , , , , , , , ,07/10/2008,2000, , , , ,"","An extreme heat event developed on July 8 across Interior Central CA as a strong ridge of high pressure setup across the region. This weather pattern promoted progressively increasing temperatures for several days with excessive heat warning criteria met in some locations beginning the night of July 8, and continuing in most locations through July 11.  Maximum temperatures on the 9th and 10th were generally between 105-112 degrees.  Unusually humid conditions resulted in heat index values of 110 degrees or higher in many locations.  Nighttime relief was very limited, especially in cities, where minimum heat index values failed to drop below 80 degrees.  In addition, very poor air quality occurred coincident with the heat event due to wildfires across CA.  The San Joaquin Valley Air Pollution Control District, in cooperation with NWS Hanford, issued several Air Quality Alerts, Health Advisories, and other air quality statements, in response to the poor air quality.  NWS Hanford has a well-developed agreement to assist the Air District with air quality information dissemination. ||Temperature records have been broken at several locations.  The low temperature at Bakersfield on July 10th was 86 degrees. This breaks the record highest minimum temperature at Bakersfield for the date of 82 degrees, set in 2002.  The low temperature at Fresno on July 10th was 82 degrees. This breaks the record for the highest minimum temperature at Fresno for the date of 80 degrees, set in 1896.  The low temperature at Bakersfield on July 9th was 84 degrees. This was 7 degrees warmer than the record high minimum temperature at Bakersfield for the date of 77 degrees, set in 1975.  The low temperature at Fresno on July 9th was 81 degrees. This was 2 degrees warmer than the record high minimum temperature at Fresno for the date of 79 degrees, set in 1896.||Two fatalities occurred during this extreme heat event. Both fatalities were in Kern County near Maricopa. The victims were both farm workers working during the heat event. The first fatality occurred of a 42 year old male vineyard worker in Kern County.  He was found in his truck along a highway and vineyard. The second fatality was a man of unknown age, also working in the vineyard near Maricopa. ||The combination of very hot weather of very poor air quality created a situation very dangerous for those individuals sensitive to poor conditions, such as the elderly, young, and those with chronic health problems.||Kings County Government reported extensive poultry losses on July 10, dollar estimates were unavailable.  An estimated 150 tons of dead poultry came into a local rendering plant.  Kings County declared a local state of emergency.",51
129866,W CENTRAL S.J. VALLEY (ZONE), ,07/09/2008,0,Excessive Heat, , ,0,0,0,0,CA,PST-8, ,22002,Z,89,HNX,0,0,Mesonet, , , , , , , , ,07/10/2008,2000, , , , ,"","An extreme heat event developed on July 8 across Interior Central CA as a strong ridge of high pressure setup across the region. This weather pattern promoted progressively increasing temperatures for several days with excessive heat warning criteria met in some locations beginning the night of July 8, and continuing in most locations through July 11.  Maximum temperatures on the 9th and 10th were generally between 105-112 degrees.  Unusually humid conditions resulted in heat index values of 110 degrees or higher in many locations.  Nighttime relief was very limited, especially in cities, where minimum heat index values failed to drop below 80 degrees.  In addition, very poor air quality occurred coincident with the heat event due to wildfires across CA.  The San Joaquin Valley Air Pollution Control District, in cooperation with NWS Hanford, issued several Air Quality Alerts, Health Advisories, and other air quality statements, in response to the poor air quality.  NWS Hanford has a well-developed agreement to assist the Air District with air quality information dissemination. ||Temperature records have been broken at several locations.  The low temperature at Bakersfield on July 10th was 86 degrees. This breaks the record highest minimum temperature at Bakersfield for the date of 82 degrees, set in 2002.  The low temperature at Fresno on July 10th was 82 degrees. This breaks the record for the highest minimum temperature at Fresno for the date of 80 degrees, set in 1896.  The low temperature at Bakersfield on July 9th was 84 degrees. This was 7 degrees warmer than the record high minimum temperature at Bakersfield for the date of 77 degrees, set in 1975.  The low temperature at Fresno on July 9th was 81 degrees. This was 2 degrees warmer than the record high minimum temperature at Fresno for the date of 79 degrees, set in 1896.||Two fatalities occurred during this extreme heat event. Both fatalities were in Kern County near Maricopa. The victims were both farm workers working during the heat event. The first fatality occurred of a 42 year old male vineyard worker in Kern County.  He was found in his truck along a highway and vineyard. The second fatality was a man of unknown age, also working in the vineyard near Maricopa. ||The combination of very hot weather of very poor air quality created a situation very dangerous for those individuals sensitive to poor conditions, such as the elderly, young, and those with chronic health problems.||Kings County Government reported extensive poultry losses on July 10, dollar estimates were unavailable.  An estimated 150 tons of dead poultry came into a local rendering plant.  Kings County declared a local state of emergency.",52
129865,E CENTRAL S.J. VALLEY (ZONE), ,07/09/2008,0,Excessive Heat, , ,0,0,0,0,CA,PST-8, ,22002,Z,90,HNX,0,0,Mesonet, , , , , , , , ,07/10/2008,2000, , , , ,"","An extreme heat event developed on July 8 across Interior Central CA as a strong ridge of high pressure setup across the region. This weather pattern promoted progressively increasing temperatures for several days with excessive heat warning criteria met in some locations beginning the night of July 8, and continuing in most locations through July 11.  Maximum temperatures on the 9th and 10th were generally between 105-112 degrees.  Unusually humid conditions resulted in heat index values of 110 degrees or higher in many locations.  Nighttime relief was very limited, especially in cities, where minimum heat index values failed to drop below 80 degrees.  In addition, very poor air quality occurred coincident with the heat event due to wildfires across CA.  The San Joaquin Valley Air Pollution Control District, in cooperation with NWS Hanford, issued several Air Quality Alerts, Health Advisories, and other air quality statements, in response to the poor air quality.  NWS Hanford has a well-developed agreement to assist the Air District with air quality information dissemination. ||Temperature records have been broken at several locations.  The low temperature at Bakersfield on July 10th was 86 degrees. This breaks the record highest minimum temperature at Bakersfield for the date of 82 degrees, set in 2002.  The low temperature at Fresno on July 10th was 82 degrees. This breaks the record for the highest minimum temperature at Fresno for the date of 80 degrees, set in 1896.  The low temperature at Bakersfield on July 9th was 84 degrees. This was 7 degrees warmer than the record high minimum temperature at Bakersfield for the date of 77 degrees, set in 1975.  The low temperature at Fresno on July 9th was 81 degrees. This was 2 degrees warmer than the record high minimum temperature at Fresno for the date of 79 degrees, set in 1896.||Two fatalities occurred during this extreme heat event. Both fatalities were in Kern County near Maricopa. The victims were both farm workers working during the heat event. The first fatality occurred of a 42 year old male vineyard worker in Kern County.  He was found in his truck along a highway and vineyard. The second fatality was a man of unknown age, also working in the vineyard near Maricopa. ||The combination of very hot weather of very poor air quality created a situation very dangerous for those individuals sensitive to poor conditions, such as the elderly, young, and those with chronic health problems.||Kings County Government reported extensive poultry losses on July 10, dollar estimates were unavailable.  An estimated 150 tons of dead poultry came into a local rendering plant.  Kings County declared a local state of emergency.",53
129868,SE S.J. VALLEY (ZONE), ,07/09/2008,0,Excessive Heat, , ,0,0,0,0,CA,PST-8, ,22002,Z,92,HNX,0,2,Emergency Manager, , , , , , , , ,07/10/2008,2000, , , , ,"","An extreme heat event developed on July 8 across Interior Central CA as a strong ridge of high pressure setup across the region. This weather pattern promoted progressively increasing temperatures for several days with excessive heat warning criteria met in some locations beginning the night of July 8, and continuing in most locations through July 11.  Maximum temperatures on the 9th and 10th were generally between 105-112 degrees.  Unusually humid conditions resulted in heat index values of 110 degrees or higher in many locations.  Nighttime relief was very limited, especially in cities, where minimum heat index values failed to drop below 80 degrees.  In addition, very poor air quality occurred coincident with the heat event due to wildfires across CA.  The San Joaquin Valley Air Pollution Control District, in cooperation with NWS Hanford, issued several Air Quality Alerts, Health Advisories, and other air quality statements, in response to the poor air quality.  NWS Hanford has a well-developed agreement to assist the Air District with air quality information dissemination. ||Temperature records have been broken at several locations.  The low temperature at Bakersfield on July 10th was 86 degrees. This breaks the record highest minimum temperature at Bakersfield for the date of 82 degrees, set in 2002.  The low temperature at Fresno on July 10th was 82 degrees. This breaks the record for the highest minimum temperature at Fresno for the date of 80 degrees, set in 1896.  The low temperature at Bakersfield on July 9th was 84 degrees. This was 7 degrees warmer than the record high minimum temperature at Bakersfield for the date of 77 degrees, set in 1975.  The low temperature at Fresno on July 9th was 81 degrees. This was 2 degrees warmer than the record high minimum temperature at Fresno for the date of 79 degrees, set in 1896.||Two fatalities occurred during this extreme heat event. Both fatalities were in Kern County near Maricopa. The victims were both farm workers working during the heat event. The first fatality occurred of a 42 year old male vineyard worker in Kern County.  He was found in his truck along a highway and vineyard. The second fatality was a man of unknown age, also working in the vineyard near Maricopa. ||The combination of very hot weather of very poor air quality created a situation very dangerous for those individuals sensitive to poor conditions, such as the elderly, young, and those with chronic health problems.||Kings County Government reported extensive poultry losses on July 10, dollar estimates were unavailable.  An estimated 150 tons of dead poultry came into a local rendering plant.  Kings County declared a local state of emergency.",54
129870,TULARE CTY FOOTHILLS (ZONE), ,07/09/2008,1000,Excessive Heat, , ,0,0,0,0,CA,PST-8, ,22002,Z,94,HNX,0,0,Mesonet, , , , , , , , ,07/10/2008,2000, , , , ,"","An extreme heat event developed on July 8 across Interior Central CA as a strong ridge of high pressure setup across the region. This weather pattern promoted progressively increasing temperatures for several days with excessive heat warning criteria met in some locations beginning the night of July 8, and continuing in most locations through July 11.  Maximum temperatures on the 9th and 10th were generally between 105-112 degrees.  Unusually humid conditions resulted in heat index values of 110 degrees or higher in many locations.  Nighttime relief was very limited, especially in cities, where minimum heat index values failed to drop below 80 degrees.  In addition, very poor air quality occurred coincident with the heat event due to wildfires across CA.  The San Joaquin Valley Air Pollution Control District, in cooperation with NWS Hanford, issued several Air Quality Alerts, Health Advisories, and other air quality statements, in response to the poor air quality.  NWS Hanford has a well-developed agreement to assist the Air District with air quality information dissemination. ||Temperature records have been broken at several locations.  The low temperature at Bakersfield on July 10th was 86 degrees. This breaks the record highest minimum temperature at Bakersfield for the date of 82 degrees, set in 2002.  The low temperature at Fresno on July 10th was 82 degrees. This breaks the record for the highest minimum temperature at Fresno for the date of 80 degrees, set in 1896.  The low temperature at Bakersfield on July 9th was 84 degrees. This was 7 degrees warmer than the record high minimum temperature at Bakersfield for the date of 77 degrees, set in 1975.  The low temperature at Fresno on July 9th was 81 degrees. This was 2 degrees warmer than the record high minimum temperature at Fresno for the date of 79 degrees, set in 1896.||Two fatalities occurred during this extreme heat event. Both fatalities were in Kern County near Maricopa. The victims were both farm workers working during the heat event. The first fatality occurred of a 42 year old male vineyard worker in Kern County.  He was found in his truck along a highway and vineyard. The second fatality was a man of unknown age, also working in the vineyard near Maricopa. ||The combination of very hot weather of very poor air quality created a situation very dangerous for those individuals sensitive to poor conditions, such as the elderly, young, and those with chronic health problems.||Kings County Government reported extensive poultry losses on July 10, dollar estimates were unavailable.  An estimated 150 tons of dead poultry came into a local rendering plant.  Kings County declared a local state of emergency.",55
